node_id,level_1_code,level_1_name,level_2_code,level_2_name,level_3_code,level_3_name,remark,source_pdf_page,source_anomaly
db44t2479-2024:0101:010101,01,科教文体,0101,科技事务,010101,科技服务,科技服务（以技术和知识向社会提供服务）、高新技术企业/科技型中小企业/技术先进型服务企业评价认定等政策咨询、办事流程咨询、业务查询等方面的诉求,8,
db44t2479-2024:0101:010102,01,科教文体,0101,科技事务,010102,科研工作,对科研工作的诉求,8,
db44t2479-2024:0101:010103,01,科教文体,0101,科技事务,010103,信息技术,信息技术（用于管理和处理信息的各种技术）相关诉求,8,
db44t2479-2024:0101:010199,01,科教文体,0101,科技事务,010199,其他科技事务,未列入上述内容的其他科技事务相关诉求,8,
db44t2479-2024:0102:010201,01,科教文体,0102,教育管理,010201,教育行政管理,教育工作者、校外培训机构、校内行政管理等相关诉求,8,
db44t2479-2024:0102:010202,01,科教文体,0102,教育管理,010202,师资,校内教育、校外培训机构师资问题等相关诉求,8,
db44t2479-2024:0102:010203,01,科教文体,0102,教育管理,010203,招生考试,对校内教育、校外培训机构招生信息咨询、违规招生投诉、学籍管理、考试等方面的诉求,8,
db44t2479-2024:0102:010204,01,科教文体,0102,教育管理,010204,学校建设,学校开办、建设发展等方面的诉求,8,
db44t2479-2024:0102:010299,01,科教文体,0102,教育管理,010299,其他教育管理,未列入上述内容的其他教育管理相关诉求,8,
db44t2479-2024:0103:010301,01,科教文体,0103,文化管理,010301,公共文化设施,对图书馆、文化馆、博物馆、美术馆、非遗馆、科技馆、展览馆、纪念馆、少年宫等公共文化设施的诉求,8,
db44t2479-2024:0103:010302,01,科教文体,0103,文化管理,010302,公益性流动文化服务,对电影免费放映、文艺演出、展览、图书销售等公益性流动文化服务的诉求,8,
db44t2479-2024:0103:010303,01,科教文体,0103,文化管理,010303,数字文化服务,对数字文化服务（文化资源通过互联网技术进行生产、消费的过程）的相关诉求,8,
db44t2479-2024:0103:010304,01,科教文体,0103,文化管理,010304,文物保护,文物建筑服务、文物保护相关诉求,8,
db44t2479-2024:0103:010399,01,科教文体,0103,文化管理,010399,其他文化管理,未列入上述内容的其他文化管理相关诉求,8,
db44t2479-2024:0104:010401,01,科教文体,0104,体育管理,010401,体育竞技,体育竞技竞赛的相关诉求,8,
db44t2479-2024:0104:010402,01,科教文体,0104,体育管理,010402,体育事业,人员管理、发展规划、活动管理等方面的相关诉求,8,
db44t2479-2024:0104:010403,01,科教文体,0104,体育管理,010403,体育市场,体育市场管理相关诉求,8,
db44t2479-2024:0104:010404,01,科教文体,0104,体育管理,010404,全民健身,全民健身服务、活动相关诉求,8,
db44t2479-2024:0104:010405,01,科教文体,0104,体育管理,010405,体育场馆,公共体育场馆管理、服务、使用相关诉求,8,
db44t2479-2024:0104:010499,01,科教文体,0104,体育管理,010499,其他体育管理,未列入上述内容的其他体育管理相关诉求,8,
db44t2479-2024:0105:010501,01,科教文体,0105,广播电视,010501,广播服务,广播服务相关诉求,8,
db44t2479-2024:0105:010502,01,科教文体,0105,广播电视,010502,电视服务,电视服务相关诉求,8,
db44t2479-2024:0105:010503,01,科教文体,0105,广播电视,010503,电影服务,电影服务相关诉求,9,
db44t2479-2024:0105:010599,01,科教文体,0105,广播电视,010599,其他广播电视,未列入上述内容的其他广播电视相关诉求,9,
db44t2479-2024:0106:010600,01,科教文体,0106,新闻出版,010600,,新闻出版业生产、经营、管理相关诉求,9,
db44t2479-2024:0107:010701,01,科教文体,0107,社会教育,010701,艺能培训,艺能培训相关诉求,9,
db44t2479-2024:0107:010702,01,科教文体,0107,社会教育,010702,老年大学,老年大学相关诉求,9,
db44t2479-2024:0107:010703,01,科教文体,0107,社会教育,010703,继续教育,信息咨询、业务办理咨询、管理投诉等诉求,9,
db44t2479-2024:0107:010799,01,科教文体,0107,社会教育,010799,其他社会教育,未列入上述内容的其他社会教育相关诉求,9,
db44t2479-2024:0108:010801,01,科教文体,0108,旅游服务,010801,导游,导游服务及导游员等相关诉求,9,
db44t2479-2024:0108:010802,01,科教文体,0108,旅游服务,010802,旅行社,旅行社服务的相关诉求,9,
db44t2479-2024:0108:010803,01,科教文体,0108,旅游服务,010803,住宿服务,酒店/民宿服务的相关诉求,9,
db44t2479-2024:0108:010804,01,科教文体,0108,旅游服务,010804,景区,景区营业、治安、环境、设施管理等方面的诉求,9,
db44t2479-2024:0108:010899,01,科教文体,0108,旅游服务,010899,其他旅游服务,未列入上述内容的其他旅游服务相关诉求,9,
db44t2479-2024:0201:020101,02,公卫医疗,0201,人口计生,020101,生育政策,生育相关法律法规政策（如三孩生育政策、再生育相关规定、生育奖励假）咨询、事项办理咨询、业务查询等诉求,9,
db44t2479-2024:0201:020102,02,公卫医疗,0201,人口计生,020102,生育登记,生育登记业务办理咨询、监督投诉等诉求,9,
db44t2479-2024:0201:020103,02,公卫医疗,0201,人口计生,020103,计划生育奖励扶助,计划生育奖励和扶助有关政策咨询、业务办理咨询、监督投诉等诉求,9,
db44t2479-2024:0201:020199,02,公卫医疗,0201,人口计生,020199,其他人口计生,未列入上述内容的其他人口计生相关诉求,9,
db44t2479-2024:0202:020201,02,公卫医疗,0202,卫生保健,020201,健康管理,0～6岁儿童、孕产妇、老年人、高血压及2型糖尿病等慢性病患者、严重精神障碍患者、肺结核患者等群体的健康指导、随访评估等健康管理服务等。包括对65岁以上老人、0～3岁儿童的体质辨识、健康指导等中医药保健服务,9,
db44t2479-2024:0202:020202,02,公卫医疗,0202,卫生保健,020202,健康教育,健康教育相关诉求,9,
db44t2479-2024:0202:020203,02,公卫医疗,0202,卫生保健,020203,居民健康档案,居民健康档案建立、查询、管理等相关诉求,9,
db44t2479-2024:0202:020299,02,公卫医疗,0202,卫生保健,020299,其他卫生保健,未列入上述内容的其他卫生保健相关诉求,9,
db44t2479-2024:0203:020301,02,公卫医疗,0203,医疗服务,020301,预约挂号,预约挂号相关问题的诉求，包括电话挂号、网络挂号、排队等问题,9,
db44t2479-2024:0203:020302,02,公卫医疗,0203,医疗服务,020302,医院行政管理,对医院机构、人事、财务、管理等方面的诉求,9,
db44t2479-2024:0203:020303,02,公卫医疗,0203,医疗服务,020303,健康体检,健康体检相关问题的咨询、投诉等诉求,9,
db44t2479-2024:0203:020304,02,公卫医疗,0203,医疗服务,020304,医学鉴定,医学鉴定相关问题的咨询、投诉等诉求，包括疾病鉴定、工伤鉴定、亲子鉴定等,9,
db44t2479-2024:0203:020305,02,公卫医疗,0203,医疗服务,020305,急救转运,急救转运（将需紧急救治的患者转运至其他医院的过程）相关诉求,9,
db44t2479-2024:0203:020306,02,公卫医疗,0203,医疗服务,020306,医德医风,有关医院、医生的品德行为等方面的诉求,9,
db44t2479-2024:0203:020307,02,公卫医疗,0203,医疗服务,020307,医患纠纷,对医生和患者本人及亲属之间发生的医疗纠纷等诉求,9,
db44t2479-2024:0203:020308,02,公卫医疗,0203,医疗服务,020308,非法行医,有关非法行医的诉求，如行医执照过期、吊销、未取得、以非法手段取得等,10,
db44t2479-2024:0203:020399,02,公卫医疗,0203,医疗服务,020399,其他医疗服务,未列入上述内容的其他医疗服务相关诉求,10,
db44t2479-2024:0204:020401,02,公卫医疗,0204,公共卫生,020401,疫苗接种,公众疫苗接种相关服务等诉求,10,
db44t2479-2024:0204:020402,02,公卫医疗,0204,公共卫生,020402,疾病防控,传染病、慢性病、地方病、结核病、艾滋病等疾病预防管理的咨询、建议等诉求,10,
db44t2479-2024:0204:020403,02,公卫医疗,0204,公共卫生,020403,医疗用血,包含无偿献血在内的医疗用血使用、管理相关诉求,10,
db44t2479-2024:0204:020404,02,公卫医疗,0204,公共卫生,020404,禁烟控烟,公共场所禁烟控烟有关情况等相关诉求,10,
db44t2479-2024:0204:020405,02,公卫医疗,0204,公共卫生,020405,有害生物防治,血吸虫、白蚁、老鼠等以寄生虫为代表的有害生物防治情况等方面的诉求,10,
db44t2479-2024:0204:020406,02,公卫医疗,0204,公共卫生,020406,新冠疫情,防控政策措施、集中隔离管理服务、核酸及抗原检测、新冠疫苗接种、就医购药咨询等诉求,10,
db44t2479-2024:0204:020499,02,公卫医疗,0204,公共卫生,020499,其他公共卫生,未列入上述内容的其他公共卫生相关诉求,10,
db44t2479-2024:0205:020501,02,公卫医疗,0205,医药管理,020501,药品管理,药品的生产、销售、管理等相关诉求,10,
db44t2479-2024:0205:020502,02,公卫医疗,0205,医药管理,020502,化妆品管理,化妆品的生产、销售、管理等相关诉求,10,
db44t2479-2024:0205:020503,02,公卫医疗,0205,医药管理,020503,保健品管理,保健品的生产、销售、管理等相关诉求,10,
db44t2479-2024:0205:020504,02,公卫医疗,0205,医药管理,020504,医疗器械管理,医疗器械的生产、销售、管理等相关诉求,10,
db44t2479-2024:0205:020599,02,公卫医疗,0205,医药管理,020599,其他医药管理,未列入上述内容的其他医药管理相关诉求,10,
db44t2479-2024:0206:020601,02,公卫医疗,0206,心理卫生,020601,自杀预防,有关自杀预防（对于自杀行为如自杀未遂和自杀姿态，自杀意念如自杀观念和自杀企图的患者，应该及时、积极地提供预防自杀的措施）的诉求,10,
db44t2479-2024:0206:020602,02,公卫医疗,0206,心理卫生,020602,严重精神障碍患者,严重精神障碍患者服务、管理的诉求，包括提供患者信息管理、随访评估、分类干预和健康体检服务等,10,
db44t2479-2024:0206:020603,02,公卫医疗,0206,心理卫生,020603,心理咨询热线,为有需要的市民提供心理帮助,10,
db44t2479-2024:0206:020699,02,公卫医疗,0206,心理卫生,020699,其他心理卫生,未列入上述内容的其他心理卫生相关诉求,10,
db44t2479-2024:0301:030101,03,城乡建设,0301,住房公积金,030101,公积金提取,公积金提取相关诉求,10,
db44t2479-2024:0301:030102,03,城乡建设,0301,住房公积金,030102,公积金贷款,公积金贷款相关诉求,10,
db44t2479-2024:0301:030103,03,城乡建设,0301,住房公积金,030103,公积金转移,公积金转移相关诉求,10,
db44t2479-2024:0301:030104,03,城乡建设,0301,住房公积金,030104,公积金缴存,公积金缴存相关诉求,10,
db44t2479-2024:0301:030105,03,城乡建设,0301,住房公积金,030105,公积金余额查询,公积金余额的查询相关诉求,10,
db44t2479-2024:0301:030199,03,城乡建设,0301,住房公积金,030199,其他公积金服务,未列入上述内容的其他公积金服务相关诉求,10,
db44t2479-2024:0302:030201,03,城乡建设,0302,房屋管理,030201,购房政策,购房政策相关诉求，包括异地购房、新房购买政策等,10,
db44t2479-2024:0302:030202,03,城乡建设,0302,房屋管理,030202,不动产登记,不动产登记政策的咨询、业务办理、监督投诉等诉求,10,
db44t2479-2024:0302:030203,03,城乡建设,0302,房屋管理,030203,租赁备案,租赁政策咨询、租赁备案手续办理等诉求,10,
db44t2479-2024:0302:030204,03,城乡建设,0302,房屋管理,030204,房屋纠纷,对房屋买卖租赁过程中产生的纠纷、投诉等诉求，如房屋买卖合同纠纷、新房交付问题、租赁合同纠纷等,11,
db44t2479-2024:0302:030205,03,城乡建设,0302,房屋管理,030205,房屋交易管理,房地产开发企业资质核准、车位租售、房屋出售管理、房屋质量等方面诉求,11,
db44t2479-2024:0302:030206,03,城乡建设,0302,房屋管理,030206,房屋安全,房屋安全方面的投诉、举报等诉求，如安全质量鉴定、邻居擅自敲除承重墙等,11,
db44t2479-2024:0302:030299,03,城乡建设,0302,房屋管理,030299,其他房屋管理,未列入上述内容的其他房屋管理相关诉求,11,
db44t2479-2024:0303:030301,03,城乡建设,0303,市容市貌,030301,建筑工程管理,对无证施工、建筑渣土、车辆带泥上路、违章挖掘、工地扬尘、逾期清场等方面的诉求,11,
db44t2479-2024:0303:030302,03,城乡建设,0303,市容市貌,030302,市容环卫,对垃圾物料处置、焚烧树叶、垃圾分类、乱涂乱画乱刻、擅自饲养家禽家畜等方面的诉求,11,
db44t2479-2024:0303:030303,03,城乡建设,0303,市容市貌,030303,房屋违建（破损）,对改变房屋使用性质问题、建筑外立面缺损问题、室内或楼宇内部改建问题、增建楼层、接坡/防盗网/接管排水等方面的诉求,11,
db44t2479-2024:0303:030304,03,城乡建设,0303,市容市貌,030304,户外广告,审批办理、搭建设置等问题的相关诉求,11,
db44t2479-2024:0303:030399,03,城乡建设,0303,市容市貌,030399,其他市容市貌,未列入上述内容的其他市容市貌相关诉求,11,
db44t2479-2024:0304:030401,03,城乡建设,0304,城乡规划,030401,土地管理,业务办理、监管投诉等诉求,11,
db44t2479-2024:0304:030402,03,城乡建设,0304,城乡规划,030402,拆迁安置,对拆迁补偿、过渡住房与补贴、安置用房等拆迁安置过程中相关问题的诉求,11,
db44t2479-2024:0304:030403,03,城乡建设,0304,城乡规划,030403,总体规划,对城乡住房建设规划政策的咨询、建议、投诉等诉求,11,
db44t2479-2024:0304:030499,03,城乡建设,0304,城乡规划,030499,其他城乡规划,未列入上述内容的其他城乡规划相关诉求,11,
db44t2479-2024:0305:030501,03,城乡建设,0305,城市设施管理,030501,公共设施,对井盖、照明、下水道等公共设施的诉求,11,
db44t2479-2024:0305:030502,03,城乡建设,0305,城市设施管理,030502,环卫设施,公共厕所、公厕指示牌、化粪池、果皮箱、垃圾间、资源回收处理站、洒水车等环卫设施的诉求,11,
db44t2479-2024:0305:030503,03,城乡建设,0305,城市设施管理,030503,道路设施,道路占用封闭或建设许可等许可审批，道路桥梁设施设置问题，监控、标志指示设置问题等诉求,11,
db44t2479-2024:0305:030599,03,城乡建设,0305,城市设施管理,030599,其他城市设施管理,未列入上述内容的其他城市设施管理相关诉求,11,
db44t2479-2024:0306:030601,03,城乡建设,0306,物业管理,030601,小区安保,小区安保相关诉求，包括小区安保人员和安全保障工作等事宜,11,
db44t2479-2024:0306:030602,03,城乡建设,0306,物业管理,030602,小区卫生,小区卫生方面相关诉求，包括公共区域的地面清洁、垃圾清理、小区居民乱推垃圾等事宜,11,
db44t2479-2024:0306:030603,03,城乡建设,0306,物业管理,030603,小区公共设施,对小区公共设施相关诉求，包括门禁等公共设施的新建、维修、恶意毁坏、保护工作等事宜,11,
db44t2479-2024:0306:030604,03,城乡建设,0306,物业管理,030604,小区秩序,对小区公共区域秩序方面的表扬、投诉等诉求,11,
db44t2479-2024:0306:030605,03,城乡建设,0306,物业管理,030605,车库车位管理,小区车库车位购买、租用、使用、管理、违规停放问题等方面的诉求,11,
db44t2479-2024:0306:030606,03,城乡建设,0306,物业管理,030606,住改商,住房改商用房的诉求,11,
db44t2479-2024:0306:030607,03,城乡建设,0306,物业管理,030607,物业费缴纳,对物业费收费标准、缴纳办法及缴费乱象等方面的诉求,12,
db44t2479-2024:0306:030608,03,城乡建设,0306,物业管理,030608,物业服务问题,对物业服务、物业与业主纠纷等方面的诉求,12,
db44t2479-2024:0306:030609,03,城乡建设,0306,物业管理,030609,小区自治,小区自治管理等方面的诉求,12,
db44t2479-2024:0306:030699,03,城乡建设,0306,物业管理,030699,其他物业管理,未列入上述内容的其他物业管理相关诉求,12,
db44t2479-2024:0307:030701,03,城乡建设,0307,街面秩序,030701,游商,对流动摊贩（点）的相关诉求,12,
db44t2479-2024:0307:030702,03,城乡建设,0307,街面秩序,030702,占道废品收购,对废品收购占用公共场所、道路等行为的诉求,12,
db44t2479-2024:0307:030703,03,城乡建设,0307,街面秩序,030703,店外经营,对主、次类道路上店外摆放物品，影响道路通行等行为的诉求,12,
db44t2479-2024:0307:030704,03,城乡建设,0307,街面秩序,030704,乱堆物堆料,对主次道路、公共场所无序堆放物品等行为的诉求,12,
db44t2479-2024:0307:030705,03,城乡建设,0307,街面秩序,030705,露天烧烤,对道路及公共场所内烧烤食物等行为的诉求,12,
db44t2479-2024:0307:030706,03,城乡建设,0307,街面秩序,030706,沿街晾挂,对主、次类道路沿街晾晒悬挂物品等行为的诉求,12,
db44t2479-2024:0307:030707,03,城乡建设,0307,街面秩序,030707,毁绿占绿,对非法占用绿地、毁坏绿化植被等行为的诉求,12,
db44t2479-2024:0307:030708,03,城乡建设,0307,街面秩序,030708,沿街物品设置不合理,沿街立面物品设置、不按规定设摊位等行为的诉求,12,
db44t2479-2024:0307:030709,03,城乡建设,0307,街面秩序,030709,非法流动洗车,对非法在道路及公共场所流动洗车等行为的诉求,12,
db44t2479-2024:0307:030710,03,城乡建设,0307,街面秩序,030710,非法沿河占道洗车,对非法沿河占道洗车等行为的诉求,12,
db44t2479-2024:0307:030711,03,城乡建设,0307,街面秩序,030711,市容环卫责任人失职,对市容环卫责任人失职等行为的诉求,12,
db44t2479-2024:0307:030799,03,城乡建设,0307,街面秩序,030799,其他街面秩序,未列入上述内容的其他街面秩序问题相关诉求,12,
db44t2479-2024:0401:040101,04,自然资源与环境保护,0401,自然资源,040101,森林资源,森林资源保护咨询、行为监管投诉等诉求,12,
db44t2479-2024:0401:040102,04,自然资源与环境保护,0401,自然资源,040102,地理测绘,业务办理咨询等诉求,12,
db44t2479-2024:0401:040103,04,自然资源与环境保护,0401,自然资源,040103,野生动植物,业务办理咨询、行为监管投诉等诉求,12,
db44t2479-2024:0401:040104,04,自然资源与环境保护,0401,自然资源,040104,生态保护,行为监管投诉等诉求,12,
db44t2479-2024:0401:040105,04,自然资源与环境保护,0401,自然资源,040105,海洋经济,行为监督投诉等诉求,12,
db44t2479-2024:0401:040106,04,自然资源与环境保护,0401,自然资源,040106,历史遗迹,业务办理咨询、行为监管投诉等诉求,12,
db44t2479-2024:0401:040199,04,自然资源与环境保护,0401,自然资源,040199,其他自然资源,未列入上述内容的其他自然资源相关诉求,12,
db44t2479-2024:0402:040201,04,自然资源与环境保护,0402,污染防治,040201,噪声污染,工业企业噪声污染、交通噪声污染（交通道路噪声、航空器、机动车、火车、船舶鸣笛等）、建筑施工噪声污染、社会生活噪声污染（文娱场所、商业活动、公共场所活动、住宅区配套设施及家庭活动噪声）等行为的相关诉求,12,
db44t2479-2024:0402:040202,04,自然资源与环境保护,0402,污染防治,040202,大气污染,工业企业废气及锅炉排放物大气污染、其他类大气污染等行为的相关诉求,12,
db44t2479-2024:0402:040203,04,自然资源与环境保护,0402,污染防治,040203,光污染,光污染行为的相关诉求,12,
db44t2479-2024:0402:040204,04,自然资源与环境保护,0402,污染防治,040204,辐射污染,放射性污染、电磁辐射污染行为的相关诉求,12,
db44t2479-2024:0402:040205,04,自然资源与环境保护,0402,污染防治,040205,水污染,工业企业排放水污染物、其他地表水水质污染行为的相关诉求,13,
db44t2479-2024:0402:040206,04,自然资源与环境保护,0402,污染防治,040206,固废污染,危险废物及一般工业固废污染、医疗废物污染、城镇污水处理设施产生污泥污染、生活垃圾违法违规处置污染、建筑垃圾违法违规处置污染、农业生产固废污染行为的相关诉求,13,
db44t2479-2024:0402:040207,04,自然资源与环境保护,0402,污染防治,040207,海洋污染,海洋污染行为的相关诉求,13,
db44t2479-2024:0402:040299,04,自然资源与环境保护,0402,污染防治,040299,其他污染防治,未列入上述内容的其他污染防治相关诉求,13,
db44t2479-2024:0403:040301,04,自然资源与环境保护,0403,水利,040301,水库,水库审批、报废等办理咨询，行为监督投诉等诉求,13,
db44t2479-2024:0403:040302,04,自然资源与环境保护,0403,水利,040302,河道,,13,
db44t2479-2024:0403:040303,04,自然资源与环境保护,0403,水利,040303,水务监管,河道管理范围内有关活动审批、信息咨询、投诉等诉求,13,
db44t2479-2024:0403:040304,04,自然资源与环境保护,0403,水利,040304,水旱灾害防御,预警信息查询、监督投诉等诉求,13,
db44t2479-2024:0403:040399,04,自然资源与环境保护,0403,水利,040399,其他水利,未列入上述内容的其他水利相关诉求,13,
db44t2479-2024:0404:040401,04,自然资源与环境保护,0404,环保业务,040401,政策信息,环境保护信息查询、监督投诉等诉求,13,
db44t2479-2024:0404:040402,04,自然资源与环境保护,0404,环保业务,040402,资质办理,许可、资质等手续办理咨询、投诉等诉求,13,
db44t2479-2024:0404:040499,04,自然资源与环境保护,0404,环保业务,040499,其他环保业务,未列入上述内容的其他环保业务相关诉求,13,
db44t2479-2024:0405:040501,04,自然资源与环境保护,0405,气象地理,040501,气象服务,台风、水浸、冰雹等气象服务等诉求,13,
db44t2479-2024:0405:040502,04,自然资源与环境保护,0405,气象地理,040502,水文服务,水文信息查询、监督投诉等诉求,13,
db44t2479-2024:0405:040503,04,自然资源与环境保护,0405,气象地理,040503,地理信息测绘,对地质、地理、测绘等问题的诉求,13,
db44t2479-2024:0405:040504,04,自然资源与环境保护,0405,气象地理,040504,地震服务,地震信息查询、情况反映等诉求,13,
db44t2479-2024:0405:040599,04,自然资源与环境保护,0405,气象地理,040599,其他气象地理,未列入上述内容的其他气象地理相关诉求,13,
db44t2479-2024:0406:040601,04,自然资源与环境保护,0406,矿产能源,040601,能源,有关能源的相关诉求,13,
db44t2479-2024:0406:040602,04,自然资源与环境保护,0406,矿产能源,040602,燃料燃气,有关燃料燃气的相关诉求,13,
db44t2479-2024:0406:040603,04,自然资源与环境保护,0406,矿产能源,040603,矿产资源管理,有关矿产资源管理的相关诉求,13,
db44t2479-2024:0406:040699,04,自然资源与环境保护,0406,矿产能源,040699,其他矿产能源,未列入上述内容的其他矿产能源相关诉求,13,
db44t2479-2024:0501:050101,05,交通运输,0501,快递物流,050101,快递问题,快递问题的投诉和建议，包括丢件、破损纠纷等诉求,13,
db44t2479-2024:0501:050102,05,交通运输,0501,快递物流,050102,快递寄存柜,快递寄存柜破损、倾斜、锈蚀、缺亮、电子故障、投诉等诉求,13,
db44t2479-2024:0501:050103,05,交通运输,0501,快递物流,050103,物流,物流咨询，货物丢失、货物损坏、不送货的投诉等诉求,13,
db44t2479-2024:0501:050199,05,交通运输,0501,快递物流,050199,其他快递物流,未列入上述内容的其他快递物流相关诉求,13,
db44t2479-2024:0502:050201,05,交通运输,0502,公共汽车,050201,公交卡,公交卡办理、挂失咨询等诉求,13,
db44t2479-2024:0502:050202,05,交通运输,0502,公共汽车,050202,公交服务,对公交司机服务的等诉求,13,
db44t2479-2024:0502:050203,05,交通运输,0502,公共汽车,050203,公交班次,对公交车运行时间安排、准点情况等方面的诉求,13,
db44t2479-2024:0502:050204,05,交通运输,0502,公共汽车,050204,公交线路,对已有和待设公交线路的走向、站点、站名等方面的诉求,13,
db44t2479-2024:0502:050299,05,交通运输,0502,公共汽车,050299,其他公共汽车,未列入上述内容的其他公共汽车相关诉求,14,
db44t2479-2024:0503:050301,05,交通运输,0503,公共自行车,050301,公共自行车卡业务,对公共自行车卡的办理、加载、退卡、补办等卡务服务等方面的诉求,14,
db44t2479-2024:0503:050302,05,交通运输,0503,公共自行车,050302,公共自行车桩点管理,对空桩、满桩、桩点不足等方面的诉求,14,
db44t2479-2024:0503:050303,05,交通运输,0503,公共自行车,050303,公共自行车租赁点,公共自行车租赁、租赁点的咨询、建议等诉求,14,
db44t2479-2024:0503:050304,05,交通运输,0503,公共自行车,050304,公共自行车车辆使用,骑行事故、车辆故障、私自占有车辆、取车还车困难等方面的投诉、举报等诉求,14,
db44t2479-2024:0503:050305,05,交通运输,0503,公共自行车,050305,共享单车管理,对共享单车企业产品和服务的投诉等诉求,14,
db44t2479-2024:0503:050399,05,交通运输,0503,公共自行车,050399,其他公共自行车,未列入上述内容的其他公共自行车相关诉求,14,
db44t2479-2024:0504:050401,05,交通运输,0504,出租汽车,050401,出租汽车服务,对出租车司机服务的诉求,14,
db44t2479-2024:0504:050402,05,交通运输,0504,出租汽车,050402,网约车管理,对网约车服务的诉求,14,
db44t2479-2024:0504:050499,05,交通运输,0504,出租汽车,050499,其他出租汽车,未列入上述内容的其他出租汽车诉求,14,
db44t2479-2024:0505:050501,05,交通运输,0505,城际客运,050501,城际客运服务,对汽车客运站以及客运车司机服务的诉求,14,
db44t2479-2024:0505:050502,05,交通运输,0505,城际客运,050502,客运售票网点,对售票站点、售票网络系统的诉求,14,
db44t2479-2024:0505:050503,05,交通运输,0505,城际客运,050503,客运票务信息,对客运车票票务信息的查询及购票、退票事宜咨询等诉求,14,
db44t2479-2024:0505:050599,05,交通运输,0505,城际客运,050599,其他城际客运,未列入上述内容的其他城际客运相关诉求,14,
db44t2479-2024:0506:050601,05,交通运输,0506,水路交通,050601,码头渡口管理,对码头渡口的设置、迁移与撤销管理等诉求,14,
db44t2479-2024:0506:050602,05,交通运输,0506,水路交通,050602,船员管理,对船员培训、考试、发证、持证、船上配员、体格要求、遵守法规行为等诉求,14,
db44t2479-2024:0506:050603,05,交通运输,0506,水路交通,050603,船舶管理,包括对船舶登记管理、船舶进出港口签证管理、外国籍船舶管理、船舶机务管理、船舶技术管理以及船舶离靠码头管理等诉求,14,
db44t2479-2024:0506:050604,05,交通运输,0506,水路交通,050604,通航管理,对通航环境、通航秩序以及相关人为活动管理等诉求,14,
db44t2479-2024:0506:050699,05,交通运输,0506,水路交通,050699,其他水路交通,未列入上述内容的其他水陆交通相关诉求,14,
db44t2479-2024:0507:050701,05,交通运输,0507,空中交通,050701,机场服务,对机场工作人员服务的相关诉求,14,
db44t2479-2024:0507:050702,05,交通运输,0507,空中交通,050702,票务信息,机票票务信息、购退票事宜等诉求,14,
db44t2479-2024:0507:050703,05,交通运输,0507,空中交通,050703,航班信息,对航班班次信息的咨询等诉求,14,
db44t2479-2024:0507:050799,05,交通运输,0507,空中交通,050799,其他空中交通,未列入上述内容的其他空中交通相关诉求,14,
db44t2479-2024:0508:050801,05,交通运输,0508,轨道交通,050801,有轨电车服务,对有轨电车的站点、线路的咨询、建议，对有轨电车工作人员服务的诉求,14,
db44t2479-2024:0508:050802,05,交通运输,0508,轨道交通,050802,轨交文明行为,反映车厢内乞讨、扰乱乘车秩序、轻轨站内不文明行为等各类问题的诉求,14,
db44t2479-2024:0508:050803,05,交通运输,0508,轨道交通,050803,轨交班次,对轻轨交通列车运行时间安排、列车准点情况等各类问题的诉求,14,
db44t2479-2024:0508:050804,05,交通运输,0508,轨道交通,050804,轨交站内设施,对轻轨运营设备、设施与站内环境等各类问题的诉求,15,
db44t2479-2024:0508:050805,05,交通运输,0508,轨道交通,050805,轨交线路,对已有和待建线路的走向、站点、站名、工期、勘察等方面的诉求,15,
db44t2479-2024:0508:050806,05,交通运输,0508,轨道交通,050806,轨交运营服务,反映轨道交通运营票务规则方面的各类问题；反映轨道交通运营服务人员态度等各类问题的诉求,15,
db44t2479-2024:0508:050807,05,交通运输,0508,轨道交通,050807,运营政策与安检,反映不允许携带易燃易爆物、自行车、食物等规定方面的各类问题；反映轨道交通运营进站安检方面的各类问题等诉求,15,
db44t2479-2024:0508:050899,05,交通运输,0508,轨道交通,050899,其他轨道交通,未列入上述内容的其他轨道交通相关诉求,15,
db44t2479-2024:0509:050901,05,交通运输,0509,铁路交通,050901,火车站设施管理,对火车站内厕所、取票器、显示屏、无障碍设施等站内设施维护与管理的诉求,15,
db44t2479-2024:0509:050902,05,交通运输,0509,铁路交通,050902,车厢服务,对列车车厢工作人员服务的诉求,15,
db44t2479-2024:0509:050903,05,交通运输,0509,铁路交通,050903,铁路列次信息,铁路车次查询等诉求,15,
db44t2479-2024:0509:050904,05,交通运输,0509,铁路交通,050904,铁路服务,对火车站站内工作人员服务的诉求,15,
db44t2479-2024:0509:050905,05,交通运输,0509,铁路交通,050905,铁路票务信息,铁路车票票务信息、购退票事宜的诉求,15,
db44t2479-2024:0509:050999,05,交通运输,0509,铁路交通,050999,其他铁路交通,未列入上述内容的其他铁路交通相关诉求,15,
db44t2479-2024:0510:051001,05,交通运输,0510,车辆管理,051001,三小车辆整治,对摩托车、三轮汽车、四轮低速载货汽车交通违法行为等诉求,15,
db44t2479-2024:0510:051002,05,交通运输,0510,车辆管理,051002,二手车过户,对二手车过户手续咨询、过户纠纷等诉求,15,
db44t2479-2024:0510:051003,05,交通运输,0510,车辆管理,051003,人力三轮车管理,对人力三轮车服务、管理等诉求,15,
db44t2479-2024:0510:051004,05,交通运输,0510,车辆管理,051004,机动车手续,机动车年检、上牌、过户、报废问题咨询等诉求,15,
db44t2479-2024:0510:051005,05,交通运输,0510,车辆管理,051005,渣土车及大型车管理,对渣土车及大型车驾驶行为的相关诉求,15,
db44t2479-2024:0510:051006,05,交通运输,0510,车辆管理,051006,货车通行证,证件办理咨询、行为监督投诉等诉求,15,
db44t2479-2024:0510:051007,05,交通运输,0510,车辆管理,051007,车辆保险,对车辆保险办理、出险等方面的诉求,15,
db44t2479-2024:0510:051008,05,交通运输,0510,车辆管理,051008,车辆补贴,报废车辆和新能源车辆补贴等诉求,15,
db44t2479-2024:0510:051009,05,交通运输,0510,车辆管理,051009,非机动车手续,非机动车年检、上牌、过户、报废问题的诉求,15,
db44t2479-2024:0510:051010,05,交通运输,0510,车辆管理,051010,非法营运,对黑车等非法营运车辆的相关诉求,15,
db44t2479-2024:0510:051011,05,交通运输,0510,车辆管理,051011,驾考管理,驾校管理、考场管理、驾驶员考试等诉求,15,
db44t2479-2024:0510:051012,05,交通运输,0510,车辆管理,051012,驾驶证管理,驾驶证办理、审查等诉求,15,
db44t2479-2024:0510:051099,05,交通运输,0510,车辆管理,051099,其他车辆管理,未列入上述内容的其他车辆管理相关诉求,15,
db44t2479-2024:0511:051101,05,交通运输,0511,道路管理,051101,交通事故,涉及交通事故相关诉求,15,
db44t2479-2024:0511:051102,05,交通运输,0511,道路管理,051102,交通拥堵,对交通拥堵状况的反映，交通疏导请求等诉求,15,
db44t2479-2024:0511:051103,05,交通运输,0511,道路管理,051103,交通管制,对交通管制的相关诉求,15,
db44t2479-2024:0511:051104,05,交通运输,0511,道路管理,051104,交通违章,对交通违章行为的举报、相关信息查询等方面的诉求,15,
db44t2479-2024:0511:051105,05,交通运输,0511,道路管理,051105,停车场管理,市内普通停车场的车辆停放、安保服务等诉求,15,
db44t2479-2024:0511:051106,05,交通运输,0511,道路管理,051106,公共交通失物招领,在公交车、出租车、轨交等公共交通工具上遗失或捡到物品等方面的诉求,16,
db44t2479-2024:0511:051107,05,交通运输,0511,道路管理,051107,故障救援,高速公路救援、市内道路救援等诉求,16,
db44t2479-2024:0511:051108,05,交通运输,0511,道路管理,051108,违规使用机动车,行为监督投诉等诉求,16,
db44t2479-2024:0511:051109,05,交通运输,0511,道路管理,051109,警示标志设置,对道路施工或车辆事故未及时设置警示标志或不明显等情况的诉求,16,
db44t2479-2024:0511:051110,05,交通运输,0511,道路管理,051110,限高标志,对桥梁、涵洞等处设置的道路通行最高限额的道路警示标志（破损、缺失、变形、倾斜、内容错误）问题反应等诉求,16,
db44t2479-2024:0511:051111,05,交通运输,0511,道路管理,051111,车乱停放,对车乱停放的相关诉求,16,
db44t2479-2024:0511:051199,05,交通运输,0511,道路管理,051199,其他道路管理,未列入上述内容的其他道路管理相关诉求,16,
db44t2479-2024:0512:051201,05,交通运输,0512,挪车服务,051201,占道挪车,在小区以外的道路停车被堵、要求挪车的诉求,16,
db44t2479-2024:0512:051202,05,交通运输,0512,挪车服务,051202,小区挪车,小区内停车被堵，要求挪车的诉求,16,
db44t2479-2024:0512:051299,05,交通运输,0512,挪车服务,051299,其他挪车服务,未列入上述内容的其他挪车服务相关诉求,16,
db44t2479-2024:0513:051301,05,交通运输,0513,其他交通出行类,051301,ETC,ETC的办理、缴费等诉求,16,
db44t2479-2024:0513:051399,05,交通运输,0513,其他交通出行类,051399,其他交通出行,未列入上述内容的其他交通出行类相关诉求,16,
db44t2479-2024:0601:060101,06,农林牧渔,0601,农业管理,060101,农民权益保障,有关农民权益保障的诉求,16,
db44t2479-2024:0601:060102,06,农林牧渔,0601,农业管理,060102,村民选举,有关村民选举宣传投票的相关诉求,16,
db44t2479-2024:0601:060103,06,农林牧渔,0601,农业管理,060103,村务公开,有关村务信息公开的相关诉求,16,
db44t2479-2024:0601:060104,06,农林牧渔,0601,农业管理,060104,农业资源,有关农业自然资源和农业经济资源的咨询等诉求,16,
db44t2479-2024:0601:060105,06,农林牧渔,0601,农业管理,060105,农田灌溉,有关农业耕作区进行灌溉作业的相关诉求,16,
db44t2479-2024:0601:060106,06,农林牧渔,0601,农业管理,060106,土地承包,有关土地承包期限、合同、保护的咨询等诉求,16,
db44t2479-2024:0601:060107,06,农林牧渔,0601,农业管理,060107,粮油收购,有关粮油最低收购价格、销售交易的咨询等诉求,16,
db44t2479-2024:0601:060108,06,农林牧渔,0601,农业管理,060108,粮站管理,有关粮站管理的诉求,16,
db44t2479-2024:0601:060109,06,农林牧渔,0601,农业管理,060109,农资管理,有关农资管理质量检测、监管信息咨询等诉求,16,
db44t2479-2024:0601:060110,06,农林牧渔,0601,农业管理,060110,农技指导,有关农业技术指导的诉求,16,
db44t2479-2024:0601:060111,06,农林牧渔,0601,农业管理,060111,农业机械化,有关农业机械装备的诉求,16,
db44t2479-2024:0601:060112,06,农林牧渔,0601,农业管理,060112,农副产品加工,有关农副产品加工的诉求,16,
db44t2479-2024:0601:060113,06,农林牧渔,0601,农业管理,060113,非法种植,有关在不允许种植的区域内种植各类植物、作物行为的诉求,16,
db44t2479-2024:0601:060199,06,农林牧渔,0601,农业管理,060199,其他农业,未列入上述内容的其他农业相关诉求,16,
db44t2479-2024:0602:060201,06,农林牧渔,0602,林业管理,060201,园林绿化,对行道树、古树、绿地、绿化维护设施、绿化供水设备、雕塑、喷泉、街头坐椅等问题的诉求,16,
db44t2479-2024:0602:060202,06,农林牧渔,0602,林业管理,060202,林业生产经营,许可证办理、经营问题的诉求,16,
db44t2479-2024:0602:060203,06,农林牧渔,0602,林业管理,060203,林业科技,林业科技事项的咨询、业务办理等诉求,16,
db44t2479-2024:0602:060204,06,农林牧渔,0602,林业管理,060204,林业病虫害,资质办理咨询、投诉等诉求,16,
db44t2479-2024:0602:060299,06,农林牧渔,0602,林业管理,060299,其他林业管理,未列入上述内容的其他林业相关诉求诉求,16,
db44t2479-2024:0603:060301,06,农林牧渔,0603,渔业管理,060301,渔业养殖,有关渔业养殖的诉求,16,
db44t2479-2024:0603:060302,06,农林牧渔,0603,渔业管理,060302,非法捕捞,对违法电鱼、在休渔期捕鱼等非法捕捞的诉求,16,
db44t2479-2024:0603:060303,06,农林牧渔,0603,渔业管理,060303,休渔期管理,有关休渔期管理的相关诉求,17,
db44t2479-2024:0603:060304,06,农林牧渔,0603,渔业管理,060304,海域使用秩序,有关海域使用秩序的相关诉求,17,
db44t2479-2024:0603:060305,06,农林牧渔,0603,渔业管理,060305,海岛生态保护,有关海岛生态保护的相关诉求,17,
db44t2479-2024:0603:060306,06,农林牧渔,0603,渔业管理,060306,海岛使用,有关海岛使用的诉求,17,
db44t2479-2024:0603:060399,06,农林牧渔,0603,渔业管理,060399,其他渔业,未列入上述内容的其他渔业管理相关诉求,17,
db44t2479-2024:0604:060401,06,农林牧渔,0604,畜牧业管理,060401,动物防疫,有关动物疫情的诉求,17,
db44t2479-2024:0604:060402,06,农林牧渔,0604,畜牧业管理,060402,家畜禽类屠宰,有关家畜禽类屠宰安全问题咨询、举报等诉求,17,
db44t2479-2024:0604:060499,06,农林牧渔,0604,畜牧业管理,060499,其他畜牧业,未列入上述内容的其他畜牧业相关诉求,17,
db44t2479-2024:0701:070101,07,公共安全,0701,出入境管理,070101,护照办理,普通护照、港澳台湾等护照办理等诉求,17,
db44t2479-2024:0701:070102,07,公共安全,0701,出入境管理,070102,赴港澳定居,夫妻团聚、偕行子女、照顾父母、老人投靠、儿童投靠、香港或者澳门永久居民子女、香港超龄子女、澳门超龄子女等情况的诉求,17,
db44t2479-2024:0701:070103,07,公共安全,0701,出入境管理,070103,赴港澳台签注,旅游签注、台胞证、回乡证、一次性出入境证件、恢复国籍申办等诉求,17,
db44t2479-2024:0701:070104,07,公共安全,0701,出入境管理,070104,边防证,业务办理、监督投诉等诉求,17,
db44t2479-2024:0701:070105,07,公共安全,0701,出入境管理,070105,境外人员出入境业务,业务办理、监督投诉等诉求,17,
db44t2479-2024:0701:070199,07,公共安全,0701,出入境管理,070199,其他出入境管理,未列入上述内容的其他出入境相关诉求,17,
db44t2479-2024:0702:070201,07,公共安全,0702,户政管理,070201,身份证办理,身份证补换领，临时身份证明等诉求,17,
db44t2479-2024:0702:070202,07,公共安全,0702,户政管理,070202,居住证办理,居住证办理、补换领等诉求,17,
db44t2479-2024:0702:070203,07,公共安全,0702,户政管理,070203,户口簿办理,户口的登记、迁移、注销等诉求,17,
db44t2479-2024:0702:070204,07,公共安全,0702,户政管理,070204,入户政策,入户政策的咨询等诉求,17,
db44t2479-2024:0702:070299,07,公共安全,0702,户政管理,070299,其他户政管理,未列入上述内容的其他户政管理相关诉求,17,
db44t2479-2024:0703:070301,07,公共安全,0703,社会治安,070301,公共秩序,公共场所保安、治安等诉求,17,
db44t2479-2024:0703:070302,07,公共安全,0703,社会治安,070302,人身安全,拐骗、人身侵害等诉求,17,
db44t2479-2024:0703:070303,07,公共安全,0703,社会治安,070303,公私财产安全,对公私财产管理、违法侵占等诉求,17,
db44t2479-2024:0703:070399,07,公共安全,0703,社会治安,070399,其他社会治安,未列入上述内容的其他社会治安相关诉求,17,
db44t2479-2024:0704:070401,07,公共安全,0704,消防安全,070401,消防安全检查,监管投诉等诉求,17,
db44t2479-2024:0704:070402,07,公共安全,0704,消防安全,070402,消防安全违法行为,行为监管投诉等诉求,17,
db44t2479-2024:0704:070403,07,公共安全,0704,消防安全,070403,火灾隐患,火灾情况反映等诉求,17,
db44t2479-2024:0704:070404,07,公共安全,0704,消防安全,070404,消防救援,消防情况反映等诉求,17,
db44t2479-2024:0704:070405,07,公共安全,0704,消防安全,070405,火灾事故调查,火灾事故调查相关诉求,17,
db44t2479-2024:0704:070499,07,公共安全,0704,消防安全,070499,其他消防安全,未列入上述内容的其他消防安全相关诉求,17,
db44t2479-2024:0705:070501,07,公共安全,0705,生产安全,070501,经营场所,业务办理相关咨询、问题投诉等诉求,17,
db44t2479-2024:0705:070502,07,公共安全,0705,生产安全,070502,经营设备安全,业务办理、监管投诉等诉求,17,
db44t2479-2024:0705:070503,07,公共安全,0705,生产安全,070503,安全作业,情况反映、监管投诉等诉求,17,
db44t2479-2024:0705:070599,07,公共安全,0705,生产安全,070599,其他生产安全,未列入上述内容的其他生产安全相关诉求,17,
db44t2479-2024:0706:070601,07,公共安全,0706,网络安全,070601,系统安全,信息安全等级保护备案、计算机信息网络联网备案、网络违法犯罪举报、违法网站举报等诉求,18,
db44t2479-2024:0706:070602,07,公共安全,0706,网络安全,070602,信息安全,窃听、冒充、诈骗举报，权限、密码泄漏，信息泄露，利益和隐私保护等诉求,18,
db44t2479-2024:0706:070699,07,公共安全,0706,网络安全,070699,其他网络安全,未列入上述内容的其他网络安全相关诉求,18,
db44t2479-2024:0707:070701,07,公共安全,0707,自然灾害,070701,气象灾害,台风、水浸、冰雹等气象灾害问题咨询等诉求,18,
db44t2479-2024:0707:070702,07,公共安全,0707,自然灾害,070702,地质灾害,泥石流、山体滑坡等地质灾害情况反映、咨询、事故调查等诉求,18,
db44t2479-2024:0707:070703,07,公共安全,0707,自然灾害,070703,海洋灾害,风暴潮、海浪、海冰、海雾飓风、海啸等灾害情况反映、咨询等诉求,18,
db44t2479-2024:0707:070704,07,公共安全,0707,自然灾害,070704,生物灾害,虫害、病害等相关诉求,18,
db44t2479-2024:0707:070705,07,公共安全,0707,自然灾害,070705,森林火灾,森林火灾情况反映、事故调查等诉求,18,
db44t2479-2024:0707:070706,07,公共安全,0707,自然灾害,070706,地震灾害,地震情况反映、相关事务咨询、事故调查等诉求,18,
db44t2479-2024:0707:070799,07,公共安全,0707,自然灾害,070799,其他自然灾害,未列入上述内容的其他自然灾害相关诉求,18,
db44t2479-2024:0708:070801,07,公共安全,0708,食品安全,070801,餐饮店卫生,对餐饮店卫生问题的相关诉求,18,
db44t2479-2024:0708:070802,07,公共安全,0708,食品安全,070802,生产作坊卫生,对生产作坊卫生问题的相关诉求,18,
db44t2479-2024:0708:070803,07,公共安全,0708,食品安全,070803,食物中毒,对食物致人中毒等诉求,18,
db44t2479-2024:0708:070804,07,公共安全,0708,食品安全,070804,食品添加剂,对食品添加剂的相关诉求,18,
db44t2479-2024:0708:070805,07,公共安全,0708,食品安全,070805,食品认证,对无食品认证或认证虚假问题等方面的诉求,18,
db44t2479-2024:0708:070899,07,公共安全,0708,食品安全,070899,其他食品安全,未列入上述内容的其他食品安全相关诉求,18,
db44t2479-2024:0709:070901,07,公共安全,0709,特种设备,070901,电梯问题,电梯停运、故障、人员围困等诉求,18,
db44t2479-2024:0709:070902,07,公共安全,0709,特种设备,070902,液化气钢瓶问题,液化气钢瓶生产、使用、运输、隐患问题等诉求,18,
db44t2479-2024:0709:070903,07,公共安全,0709,特种设备,070903,特种设备人员许可,特种设备人员许可证件等诉求,18,
db44t2479-2024:0709:070999,07,公共安全,0709,特种设备,070999,其他特种设备,未列入上述内容的其他特种设备问题相关诉求,18,
db44t2479-2024:0710:071001,07,公共安全,0710,人民防空,071001,人防工程建设,人防工程建设、安全隐患问题投诉等诉求,18,
db44t2479-2024:0710:071002,07,公共安全,0710,人民防空,071002,应急救援包,对应急救援包的相关诉求,18,
db44t2479-2024:0710:071003,07,公共安全,0710,人民防空,071003,防空警报,对防空警报（平时用于抗灾救灾和突发事故情况下的灾情预报和紧急报知战时用于人民防空）的相关诉求,18,
db44t2479-2024:0710:071004,07,公共安全,0710,人民防空,071004,疏散演练,对疏散演练（部门、单位、团体，组织相关应急人员和群众，针对突发事件的假想情景，按照应急预案所规定的职责和程序，在特定的时间和地域执行应急响应任务的训练活动）的相关诉求,18,
db44t2479-2024:0710:071099,07,公共安全,0710,人民防空,071099,其他人防工程,未列入上述内容的其他人防工程相关诉求,18,
db44t2479-2024:0711:071101,07,公共安全,0711,国防军事,071101,国防教育,对国防教育（国家对全体公民进行的具有特定目的和内容的普及性教育活动）的相关诉求,18,
db44t2479-2024:0711:071102,07,公共安全,0711,国防军事,071102,国防安全,对国防安全教育（对全民传授与国防有关的思想、知识、技能的社会活动）的咨询、建议，对危害国防安全行为的举报等诉求,19,
db44t2479-2024:0711:071103,07,公共安全,0711,国防军事,071103,武警,对武警（中国人民武装警察部队）担负国家赋予的国家内部安全保卫任务的相关诉求,19,
db44t2479-2024:0711:071104,07,公共安全,0711,国防军事,071104,军事活动,对军事活动（有组织地使用武装力量的活动）的咨询等诉求,19,
db44t2479-2024:0711:071105,07,公共安全,0711,国防军事,071105,军事设施,对军事设施的保护进行监督投诉等诉求,19,
db44t2479-2024:0711:071199,07,公共安全,0711,国防军事,071199,其他国防军事,未列入上述内容的其他国防军事相关诉求,19,
db44t2479-2024:0801:080101,08,人力资源社会保障,0801,社保统筹服务,080101,养老保险,养老保险相关诉求,19,
db44t2479-2024:0801:080102,08,人力资源社会保障,0801,社保统筹服务,080102,医疗保险,医疗保险相关诉求,19,
db44t2479-2024:0801:080103,08,人力资源社会保障,0801,社保统筹服务,080103,失业保险,失业保险相关诉求,19,
db44t2479-2024:0801:080104,08,人力资源社会保障,0801,社保统筹服务,080104,工伤保险,工伤保险相关诉求,19,
db44t2479-2024:0801:080105,08,人力资源社会保障,0801,社保统筹服务,080105,生育保险,生育保险相关诉求,19,
db44t2479-2024:0801:080106,08,人力资源社会保障,0801,社保统筹服务,080106,社保卡,社保卡的业务办理等诉求,19,
db44t2479-2024:0801:080107,08,人力资源社会保障,0801,社保统筹服务,080107,社保投诉,社保业务办理、按时足额参保缴费等投诉,19,
db44t2479-2024:0801:080108,08,人力资源社会保障,0801,社保统筹服务,080108,社保查询,社保信息查询等诉求,19,
db44t2479-2024:0801:080109,08,人力资源社会保障,0801,社保统筹服务,080109,公费医疗,业务办理、监督投诉等诉求,19,
db44t2479-2024:0801:080110,08,人力资源社会保障,0801,社保统筹服务,080110,基金监督举报,监督举报欺诈骗保、挪用贪占社保基金等诉求,19,
db44t2479-2024:0801:080199,08,人力资源社会保障,0801,社保统筹服务,080199,其他社会保障,未列入上述内容的其他社会保障相关诉求,19,
db44t2479-2024:0802:080201,08,人力资源社会保障,0802,人事工作,080201,事业编制,事业编制相关诉求,19,
db44t2479-2024:0802:080202,08,人力资源社会保障,0802,人事工作,080202,人事招考,机关事业单位人员招聘考试的信息咨询、投诉等,19,
db44t2479-2024:0802:080203,08,人力资源社会保障,0802,人事工作,080203,人事档案,涉及人事档案（个人身份、学历、资历等方面资料）的查询、储存、转移等诉求,19,
db44t2479-2024:0802:080204,08,人力资源社会保障,0802,人事工作,080204,人才引进,人才引进方面的政策咨询、建议等诉求,19,
db44t2479-2024:0802:080205,08,人力资源社会保障,0802,人事工作,080205,职业等级证书,信息咨询、监管投诉等诉求,19,
db44t2479-2024:0802:080206,08,人力资源社会保障,0802,人事工作,080206,离休退休,离休退休的政策咨询、手续办理等诉求,19,
db44t2479-2024:0802:080299,08,人力资源社会保障,0802,人事工作,080299,其他人事工作,未列入上述内容的其他人事工作相关诉求,19,
db44t2479-2024:0803:080301,08,人力资源社会保障,0803,创业服务,080301,创业孵化基地,政策咨询、业务办理事项咨询等诉求,19,
db44t2479-2024:0803:080302,08,人力资源社会保障,0803,创业服务,080302,一次性创业资助,政策咨询、业务办理事项咨询等诉求,19,
db44t2479-2024:0803:080303,08,人力资源社会保障,0803,创业服务,080303,创业租金补贴,业务办理事项咨询等诉求,19,
db44t2479-2024:0803:080304,08,人力资源社会保障,0803,创业服务,080304,创业带动就业补贴,业务办理事项咨询等诉求,19,
db44t2479-2024:0803:080305,08,人力资源社会保障,0803,创业服务,080305,创业担保贷款贴息,政策咨询、业务办理事项咨询等诉求,19,
db44t2479-2024:0803:080399,08,人力资源社会保障,0803,创业服务,080399,其他创业服务,未列入上述内容的其他创业服务相关诉求,19,
db44t2479-2024:0804:080401,08,人力资源社会保障,0804,劳动权益,080401,劳动环境,企事业单位劳动环境方面的咨询等诉求,19,
db44t2479-2024:0804:080402,08,人力资源社会保障,0804,劳动权益,080402,劳动能力鉴定,业务办理咨询、投诉等诉求,19,
db44t2479-2024:0804:080403,08,人力资源社会保障,0804,劳动权益,080403,带薪休假,带薪休假的政策咨询等诉求,19,
db44t2479-2024:0804:080404,08,人力资源社会保障,0804,劳动权益,080404,福利待遇,企事业单位福利待遇方面的诉求,20,
db44t2479-2024:0804:080405,08,人力资源社会保障,0804,劳动权益,080405,高温津贴,高温津贴相关诉求,20,
db44t2479-2024:0804:080499,08,人力资源社会保障,0804,劳动权益,080499,其他劳动权益,未列入上述内容的其他劳动权益相关诉求,20,
db44t2479-2024:0805:080501,08,人力资源社会保障,0805,劳动纠纷,080501,未按规定参保,未按规定参保相关诉求,20,
db44t2479-2024:0805:080502,08,人力资源社会保障,0805,劳动纠纷,080502,劳动合同,劳动合同相关诉求,20,
db44t2479-2024:0805:080503,08,人力资源社会保障,0805,劳动纠纷,080503,集体合同,集体合同相关诉求,20,
db44t2479-2024:0805:080504,08,人力资源社会保障,0805,劳动纠纷,080504,解除、终止劳动关系,解除、终止劳动关系相关诉求,20,
db44t2479-2024:0805:080505,08,人力资源社会保障,0805,劳动纠纷,080505,休息休假,制度及其实施情况的诉求,20,
db44t2479-2024:0805:080506,08,人力资源社会保障,0805,劳动纠纷,080506,女职工特殊劳动保护,对孕期、产期、哺乳期、禁忌作业等方面的诉求,20,
db44t2479-2024:0805:080507,08,人力资源社会保障,0805,劳动纠纷,080507,违法用工,对企事业单位违法雇佣工人等方面的诉求,20,
db44t2479-2024:0805:080508,08,人力资源社会保障,0805,劳动纠纷,080508,拖欠、克扣工资,对企事业单位无故拖欠员工薪资等方面的诉求,20,
db44t2479-2024:0805:080509,08,人力资源社会保障,0805,劳动纠纷,080509,补偿、赔偿,事务咨询、投诉等诉求,20,
db44t2479-2024:0805:080599,08,人力资源社会保障,0805,劳动纠纷,080599,其他劳动纠纷,未列入上述内容的其他劳动纠纷的相关诉求,20,
db44t2479-2024:0806:080601,08,人力资源社会保障,0806,失业就业服务,080601,失业就业登记,相关业务办理的咨询投诉等诉求,20,
db44t2479-2024:0806:080602,08,人力资源社会保障,0806,失业就业服务,080602,农民工培训,农民工培训政策咨询、申请办理等诉求，包括免费提供城市生活、文化素质、法律知识、安全常识、健康卫生等基础素质教育培训,20,
db44t2479-2024:0806:080603,08,人力资源社会保障,0806,失业就业服务,080603,外国人就业,业务办理咨询、信息咨询等诉求,20,
db44t2479-2024:0806:080604,08,人力资源社会保障,0806,失业就业服务,080604,就业援助,就业援助政策咨询、手续咨询、投诉等诉求，包括免费提供职业指导、岗位信息、就业困难和零就业家庭认定等方面服务,20,
db44t2479-2024:0806:080605,08,人力资源社会保障,0806,失业就业服务,080605,就业补贴,政策咨询、业务办理等诉求,20,
db44t2479-2024:0806:080606,08,人力资源社会保障,0806,失业就业服务,080606,招用补贴,业务办理咨询、投诉等诉求,20,
db44t2479-2024:0806:080607,08,人力资源社会保障,0806,失业就业服务,080607,就业见习服务,信息咨询等诉求,20,
db44t2479-2024:0806:080608,08,人力资源社会保障,0806,失业就业服务,080608,毕业报到,政策咨询、业务办理等诉求,20,
db44t2479-2024:0806:080609,08,人力资源社会保障,0806,失业就业服务,080609,职业中介管理,职业中介相关信息的诉求,20,
db44t2479-2024:0806:080610,08,人力资源社会保障,0806,失业就业服务,080610,职业技能,政策咨询、业务办理等诉求,20,
db44t2479-2024:0806:080611,08,人力资源社会保障,0806,失业就业服务,080611,职称评审,政策咨询、业务办理、监管投诉等诉求,20,
db44t2479-2024:0806:080699,08,人力资源社会保障,0806,失业就业服务,080699,其他就业服务,未列入上述内容的其他失业、就业相关诉求,20,
db44t2479-2024:0807:080701,08,人力资源社会保障,0807,积分管理,080701,积分入户,积分入户政策、办理手续等诉求,20,
db44t2479-2024:0807:080702,08,人力资源社会保障,0807,积分管理,080702,积分入学,积分入学政策、办理手续等诉求,20,
db44t2479-2024:0807:080799,08,人力资源社会保障,0807,积分管理,080799,其他积分管理,未列入上述内容的其他积分管理相关诉求,20,
db44t2479-2024:0901:090101,09,民政社区,0901,民政救济,090101,长者服务,政策咨询、业务办理等诉求,20,
db44t2479-2024:0901:090102,09,民政社区,0901,民政救济,090102,残疾人保障,政策咨询、业务办理等诉求,20,
db44t2479-2024:0901:090103,09,民政社区,0901,民政救济,090103,境内外来人员服务,外省、外市等外来人员管理服务的政策咨询、业务办理等诉求,20,
db44t2479-2024:0901:090104,09,民政社区,0901,民政救济,090104,未成年人服务,政策法规咨询、业务办理咨询、对违反未成年人保护等行为的投诉、举报等诉求,21,
db44t2479-2024:0901:090105,09,民政社区,0901,民政救济,090105,殡葬管理,政策咨询、业务办理等诉求,21,
db44t2479-2024:0901:090106,09,民政社区,0901,民政救济,090106,行政区域界线和地名管理,信息查询、监管投诉等诉求,21,
db44t2479-2024:0901:090107,09,民政社区,0901,民政救济,090107,社会团体管理,登记办理、行为投诉等诉求,21,
db44t2479-2024:0901:090108,09,民政社区,0901,民政救济,090108,困难群体救助,政策咨询、业务办理等诉求,21,
db44t2479-2024:0901:090109,09,民政社区,0901,民政救济,090109,优抚安置,政策咨询、业务办理等诉求,21,
db44t2479-2024:0901:090110,09,民政社区,0901,民政救济,090110,救灾募捐,政策咨询、业务办理等诉求,21,
db44t2479-2024:0901:090111,09,民政社区,0901,民政救济,090111,婚姻登记,信息咨询、业务办理等诉求,21,
db44t2479-2024:0901:090112,09,民政社区,0901,民政救济,090112,基层组织建设,信息咨询、问题反映、业务办理等诉求,21,
db44t2479-2024:0901:090113,09,民政社区,0901,民政救济,090113,志愿服务事务,信息咨询、问题反映、业务办理等诉求,21,
db44t2479-2024:0901:090199,09,民政社区,0901,民政救济,090199,其他民政救济,未列入上述内容的其他民政救济相关诉求,21,
db44t2479-2024:0902:090201,09,民政社区,0902,彩票管理,090201,福利彩票,对福利彩票的发行、销售、兑奖等方面的管理事宜的咨询、投诉等诉求,21,
db44t2479-2024:0902:090202,09,民政社区,0902,彩票管理,090202,体育彩票,彩票活动信息查询、违规操作投诉举报等诉求,21,
db44t2479-2024:0902:090299,09,民政社区,0902,彩票管理,090299,其他彩票管理,未列入上述内容的其他彩票管理相关诉求,21,
db44t2479-2024:0903:090301,09,民政社区,0903,社区管理,090301,居民选举,居民选举政策咨询、投诉等诉求,21,
db44t2479-2024:0903:090302,09,民政社区,0903,社区管理,090302,业委会建设管理,业委会建设、成员管理的诉求,21,
db44t2479-2024:0903:090303,09,民政社区,0903,社区管理,090303,家庭纠纷,家庭纠纷问题的诉求，如父母与子女之间的教育问题、婆媳关系等,21,
db44t2479-2024:0903:090304,09,民政社区,0903,社区管理,090304,儿童保护,儿童受到侵犯行为的诉求，如虐童、父母疏于照料等问题的举报,21,
db44t2479-2024:0903:090305,09,民政社区,0903,社区管理,090305,邻里纠纷,对个人之间的口角矛盾、债务纠纷等问题的举报、投诉等诉求,21,
db44t2479-2024:0903:090399,09,民政社区,0903,社区管理,090399,其他社区管理,未列入上述内容的其他社区管理相关诉求,21,
db44t2479-2024:0904:090401,09,民政社区,0904,生活服务,090401,号码查询,生活服务电话查询,21,
db44t2479-2024:0904:090402,09,民政社区,0904,生活服务,090402,地址查询,生活服务地点查询,21,
db44t2479-2024:0904:090403,09,民政社区,0904,生活服务,090403,水电气暖,水电气暖服务资费标准、缴纳办法、故障维护、投诉等诉求,21,
db44t2479-2024:0904:090499,09,民政社区,0904,生活服务,090499,其他生活服务,未列入上述内容的其他生活服务相关诉求,21,duplicate_printed_code_090499
db44t2479-2024:0905:090501,09,民政社区,0905,民族宗教,090501,民族管理,民族法律法规制度、事务办理等诉求,21,
db44t2479-2024:0905:090502,09,民政社区,0905,民族宗教,090502,宗教管理,宗教法律法规制度、事务办理等诉求,21,
db44t2479-2024:0905:090499,09,民政社区,0905,民族宗教,090499,其他民族宗教,未列入上述内容的其他民族宗教相关诉求,21,duplicate_printed_code_090499
db44t2479-2024:0906:090601,09,民政社区,0906,港澳台侨务事务,090601,香港澳门工作,香港澳门事务办理等诉求,21,
db44t2479-2024:0906:090602,09,民政社区,0906,港澳台侨务事务,090602,台湾工作,台湾收复协商等诉求,21,
db44t2479-2024:0906:090603,09,民政社区,0906,港澳台侨务事务,090603,侨务工作,保护华侨、归侨和侨眷的正当权益的咨询等诉求,21,
db44t2479-2024:0906:090699,09,民政社区,0906,港澳台侨务事务,090699,其他港澳台侨务事务,未列入上述内容的其他港澳台侨务事务相关诉求,21,
db44t2479-2024:1001:100101,10,市场监管,1001,商事管理,100101,市场主体登记、备案,企业设立、变更、注销等诉求,22,
db44t2479-2024:1001:100102,10,市场监管,1001,商事管理,100102,企业年报,企业年报咨询、投诉、建议等诉求,22,
db44t2479-2024:1001:100103,10,市场监管,1001,商事管理,100103,商标审查,转让、注销、注册、续展、使用许可备案、商标规费及缴费方式、删减商标服务项目、出具商标证明、撤回申请、补发、驳回复审、变更等诉求,22,
db44t2479-2024:1001:100104,10,市场监管,1001,商事管理,100104,移出经营异常名录,移出经营办理咨询等诉求,22,
db44t2479-2024:1001:100105,10,市场监管,1001,商事管理,100105,商事登记基本信息、档案查询,企业商事登记信息或档案查询咨询、投诉、建议，小微企业名录查询等诉求,22,
db44t2479-2024:1001:100106,10,市场监管,1001,商事管理,100106,守合同重信用活动,守合同重信用活动相关诉求,22,
db44t2479-2024:1001:100107,10,市场监管,1001,商事管理,100107,资信证明,出具证明等诉求,22,
db44t2479-2024:1001:100108,10,市场监管,1001,商事管理,100108,标准化管理,商品条码、标准实施、地方标准/团体标准等诉求,22,
db44t2479-2024:1001:100199,10,市场监管,1001,商事管理,100199,其他商事管理,未列入上述内容的其他商事管理相关诉求,22,
db44t2479-2024:1002:100201,10,市场监管,1002,市场管理,100201,物价管理,物价管理的监督投诉等诉求,22,
db44t2479-2024:1002:100202,10,市场监管,1002,市场管理,100202,证照监管,业务办理的咨询、投诉；无营业执照、无经营许可或资质、无从业人员资格证、未经商业特许经营备案从事经营活动、擅自变更经营范围、擅自变更经营场所、假冒身份注册、假冒地址注册、冒用资格证问题投诉等诉求,22,
db44t2479-2024:1002:100203,10,市场监管,1002,市场管理,100203,商业广告,广告内容违法、广告发布行为监管等诉求,22,
db44t2479-2024:1002:100204,10,市场监管,1002,市场管理,100204,不正当竞争,不正当竞争行为相关诉求,22,
db44t2479-2024:1002:100205,10,市场监管,1002,市场管理,100205,售后服务,售后服务相关诉求,22,
db44t2479-2024:1002:100206,10,市场监管,1002,市场管理,100206,合同管理,格式条款、合同欺诈等诉求,22,
db44t2479-2024:1002:100207,10,市场监管,1002,市场管理,100207,通信管理,手机、电话、宽带等通信服务质量问题等诉求,22,
db44t2479-2024:1002:100299,10,市场监管,1002,市场管理,100299,其他市场管理,未列入上述内容的其他市场管理相关诉求,22,
db44t2479-2024:1003:100301,10,市场监管,1003,知识产权,100301,专利,专利申请查询、违法行为投诉等诉求,22,
db44t2479-2024:1003:100302,10,市场监管,1003,知识产权,100302,商标,商标注册、使用、转让等咨询及商标违法行为投诉等诉求,22,
db44t2479-2024:1003:100303,10,市场监管,1003,知识产权,100303,版权,版权申请、查询、保护等诉求,22,
db44t2479-2024:1003:100304,10,市场监管,1003,知识产权,100304,中介服务,中介服务内容、事务办理的等诉求,22,
db44t2479-2024:1003:100305,10,市场监管,1003,知识产权,100305,地理标志,地理标志产品保护申请、地理标志专用标志使用申请等诉求,22,
db44t2479-2024:1003:100306,10,市场监管,1003,知识产权,100306,官方标志和特殊标志,信息咨询、违法行为投诉等诉求,22,
db44t2479-2024:1003:100399,10,市场监管,1003,知识产权,100399,其他知识产权,未列入上述内容的其他知识产权相关诉求,22,
db44t2479-2024:1004:100401,10,市场监管,1004,质量计量检验检测认证监管,100401,质量监督,生产或销售无证产品、不符合产品标准问题投诉等诉求,22,
db44t2479-2024:1004:100402,10,市场监管,1004,质量计量检验检测认证监管,100402,计量器具,计量器具相关诉求,23,
db44t2479-2024:1004:100403,10,市场监管,1004,质量计量检验检测认证监管,100403,检验检测,检验检测行业和机构监督管理、检验检测服务咨询等诉求,23,
db44t2479-2024:1004:100404,10,市场监管,1004,质量计量检验检测认证监管,100404,认证,认证办理、信息咨询等诉求,23,
db44t2479-2024:1004:100499,10,市场监管,1004,质量计量检验检测认证监管,100499,其他质量计量检验检测认证监管,未列入上述内容的其他质量计量检验检测认证监管相关诉求,23,
db44t2479-2024:1005:100501,10,市场监管,1005,检验检疫,100501,商品检疫,商品检疫相关诉求,23,
db44t2479-2024:1005:100502,10,市场监管,1005,检验检疫,100502,动植物检疫,动植物检疫相关诉求,23,
db44t2479-2024:1005:100503,10,市场监管,1005,检验检疫,100503,出入境卫生检疫,出入境卫生检疫相关诉求,23,
db44t2479-2024:1005:100504,10,市场监管,1005,检验检疫,100504,医疗物品进口检疫,医疗物品及其它物资进口检疫问题咨询、情况反映等诉求,23,
db44t2479-2024:1005:100599,10,市场监管,1005,检验检疫,100599,其他检验检疫,未列入上述内容的其他检验检疫相关诉求,23,
db44t2479-2024:1101:110101,11,经济财贸,1101,外事管理,110101,出国业务办理,业务办理咨询、投诉等诉求,23,
db44t2479-2024:1101:110102,11,经济财贸,1101,外事管理,110102,外国人来华邀请,工作许可证、签证、邀请函等事务办理咨询等诉求,23,
db44t2479-2024:1101:110103,11,经济财贸,1101,外事管理,110103,领事业务,领事认证及相关信息咨询等诉求,23,
db44t2479-2024:1101:110104,11,经济财贸,1101,外事管理,110104,APEC商务旅行卡业务,业务办理咨询等诉求,23,
db44t2479-2024:1101:110105,11,经济财贸,1101,外事管理,110105,外事活动,外事活动相关信息、事项办理咨询等诉求,23,
db44t2479-2024:1101:110199,11,经济财贸,1101,外事管理,110199,其他外事管理,未列入上述内容的其他外事管理相关诉求,23,
db44t2479-2024:1102:110201,11,经济财贸,1102,税务管理,110201,税务登记,税务登记流程、证件办理等诉求,23,
db44t2479-2024:1102:110202,11,经济财贸,1102,税务管理,110202,纳税申报,对纳税申报、延期等方面的诉求,23,
db44t2479-2024:1102:110203,11,经济财贸,1102,税务管理,110203,发票管理,对不开、补开、遗失发票等方面的诉求,23,
db44t2479-2024:1102:110204,11,经济财贸,1102,税务管理,110204,税收违法,对偷税、漏税等税收违法行为等方面的诉求,23,
db44t2479-2024:1102:110299,11,经济财贸,1102,税务管理,110299,其他税收管理,未列入上述内容的其他税收管理相关诉求,23,
db44t2479-2024:1103:110301,11,经济财贸,1103,商务管理,110301,贸易服务,对经营备案和登记、外商投资、境外投资、商业特许经营备案、对外劳务合作、对外承包工程、典当业等方面的诉求,23,
db44t2479-2024:1103:110302,11,经济财贸,1103,商务管理,110302,货物运输,公司许可办理、人员资质考试咨询等诉求,23,
db44t2479-2024:1103:110399,11,经济财贸,1103,商务管理,110399,其他商务贸易,未列入上述内容的其他商务贸易相关诉求,23,
db44t2479-2024:1104:110401,11,经济财贸,1104,金融管理,110401,金融监管,地方金融监管业务相关诉求,23,
db44t2479-2024:1104:110402,11,经济财贸,1104,金融管理,110402,银行业务,银行业务相关诉求,23,
db44t2479-2024:1104:110403,11,经济财贸,1104,金融管理,110403,保险业务,保险业务相关诉求,23,
db44t2479-2024:1104:110404,11,经济财贸,1104,金融管理,110404,证券业务,证券业务相关诉求,23,
db44t2479-2024:1104:110499,11,经济财贸,1104,金融管理,110499,其他金融管理,未列入上述内容的其他金融管理相关诉求,23,
db44t2479-2024:1105:110501,11,经济财贸,1105,财政事务,110501,会计服务事项,会计证、继续教育等诉求,23,
db44t2479-2024:1105:110502,11,经济财贸,1105,财政事务,110502,票据管理事项,财政票据的领购、发放、使用与保管等事宜的相关诉求,23,
db44t2479-2024:1105:110503,11,经济财贸,1105,财政事务,110503,资产评估服务,对单项资产、资产组合、企业价值、金融权益、资产损失或者其他经济权益进行评定、估算服务等事宜的相关诉求,24,
db44t2479-2024:1105:110599,11,经济财贸,1105,财政事务,110599,其他财政事务,未列入上述内容的其他财政服务相关诉求,24,
db44t2479-2024:1106:110601,11,经济财贸,1106,审计事务,110601,财政金融审计,业务办理咨询等诉求,24,
db44t2479-2024:1106:110602,11,经济财贸,1106,审计事务,110602,民生审计,业务办理咨询等诉求,24,
db44t2479-2024:1106:110699,11,经济财贸,1106,审计事务,110699,其他审计事项,未列入上述内容的其他审计相关诉求,24,
db44t2479-2024:1107:110701,11,经济财贸,1107,海关业务,110701,报关,报关业务、流程、政策等咨询及办理业务有关的投诉举报等诉求,24,
db44t2479-2024:1107:110702,11,经济财贸,1107,海关业务,110702,检验检疫,检疫证书签发咨询、办理及办理业务有关的投诉举报等诉求,24,
db44t2479-2024:1107:110703,11,经济财贸,1107,海关业务,110703,进出口备案,进出口备案、审核、证件核发等诉求,24,
db44t2479-2024:1107:110704,11,经济财贸,1107,海关业务,110704,防疫物资快速通关,防疫物资、农产品、食品、生产设备和原材料等物资进口通关问题咨询等诉求,24,
db44t2479-2024:1107:110799,11,经济财贸,1107,海关业务,110799,其他海关业务,未列入上述内容的其他海关相关诉求,24,
db44t2479-2024:1108:110801,11,经济财贸,1108,经济管理,110801,企业改革,对国家有关企业改革政策的相关诉求,24,
db44t2479-2024:1108:110802,11,经济财贸,1108,经济管理,110802,收入分配,对收入分配政策的相关诉求,24,
db44t2479-2024:1108:110803,11,经济财贸,1108,经济管理,110803,国有资产管理,国有资产管理相关诉求,24,
db44t2479-2024:1108:110804,11,经济财贸,1108,经济管理,110804,财政收支管理,财政收支管理相关诉求,24,
db44t2479-2024:1108:110805,11,经济财贸,1108,经济管理,110805,政府采购,政府采购相关诉求,24,
db44t2479-2024:1108:110806,11,经济财贸,1108,经济管理,110806,政府拍卖,政府拍卖相关诉求,24,
db44t2479-2024:1108:110807,11,经济财贸,1108,经济管理,110807,货物招标,货物招标相关诉求,24,
db44t2479-2024:1108:110808,11,经济财贸,1108,经济管理,110808,招商引资,招商引资相关诉求,24,
db44t2479-2024:1108:110809,11,经济财贸,1108,经济管理,110809,公共资源交易,公共资源交易政策的相关诉求,24,
db44t2479-2024:1108:110810,11,经济财贸,1108,经济管理,110810,消费补贴,政府部门组织的消费补贴、发放消费券购物券等消费促进活动等诉求，包括但不限于餐饮、家电、旅游,24,
db44t2479-2024:1108:110811,11,经济财贸,1108,经济管理,110811,经济统计,经济统计相关诉求,24,
db44t2479-2024:1108:110812,11,经济财贸,1108,经济管理,110812,中小企业证明,中小企业证明相关诉求,24,
db44t2479-2024:1108:110813,11,经济财贸,1108,经济管理,110813,产业奖励补贴,互联网、生物医药、新能源、装备制造等特定产业项目的奖励、补贴、扶持政策和管理等诉求,24,
db44t2479-2024:1108:110899,11,经济财贸,1108,经济管理,110899,其他经济管理,未列入上述内容的其他经济管理相关诉求,24,
db44t2479-2024:1201:120101,12,司法行政,1201,法律服务,120101,法律咨询,法律问题咨询等诉求,24,
db44t2479-2024:1201:120102,12,司法行政,1201,法律服务,120102,公证管理,公证员执业审查初审，公证处信息，公证管理等诉求,24,
db44t2479-2024:1201:120103,12,司法行政,1201,法律服务,120103,人民调解,人民调解问题相关诉求,24,
db44t2479-2024:1201:120104,12,司法行政,1201,法律服务,120104,法律援助,针对经济困难或特殊案件的人无偿提供法律咨询的服务事项等诉求,24,
db44t2479-2024:1201:120105,12,司法行政,1201,法律服务,120105,司法鉴定,司法鉴定人执业登记，司法鉴定机构审批，司法鉴定申请，鉴定违法违规情形等诉求,25,
db44t2479-2024:1201:120199,12,司法行政,1201,法律服务,120199,其他法律服务,未列入上述内容的其他法律服务相关诉求,25,
db44t2479-2024:1202:120200,12,司法行政,1202,律师及事务所管理,120200,,执业审批核准、律师及事务所管理等诉求,25,
db44t2479-2024:1203:120300,12,司法行政,1203,监狱管理,120300,,监狱管理相关诉求,25,
db44t2479-2024:1204:120400,12,司法行政,1204,法律职业资格考试,120400,,初审、考试咨询，行为监管投诉等诉求,25,
db44t2479-2024:1299:129901,12,司法行政,1299,其他司法行政,129901,社区矫正,社区矫正政策咨询、机构查询等诉求,25,
db44t2479-2024:1299:129902,12,司法行政,1299,其他司法行政,129902,强制隔离戒毒,强制隔离戒毒程序、康复报到等诉求,25,
db44t2479-2024:1299:129903,12,司法行政,1299,其他司法行政,129903,安置帮教,安置帮教相关诉求,25,
db44t2479-2024:1301:130101,13,政风行风党风,1301,行政效能,130101,工作效率,行政服务、政务服务、执法等情况反映、效能投诉等诉求,25,
db44t2479-2024:1301:130102,13,政风行风党风,1301,行政效能,130102,服务质量,行政工作质量反映、监督投诉等诉求,25,
db44t2479-2024:1301:130103,13,政风行风党风,1301,行政效能,130103,工作作风,工作作风反映、监督投诉等诉求,25,
db44t2479-2024:1301:130199,13,政风行风党风,1301,行政效能,130199,其他行政效能,未列入上述内容的其他行政效能相关诉求,25,
db44t2479-2024:1302:130200,13,政风行风党风,1302,违法违纪,130200,,贪污受贿、公款旅游、违规配备使用公务车等违法违纪问题,25,
db44t2479-2024:1303:130301,13,政风行风党风,1303,行政执法,130301,越权执法,对超越职权、无权执法的行为投诉等诉求,25,
db44t2479-2024:1303:130302,13,政风行风党风,1303,行政执法,130302,执法不作为,对执法人员在执法过程中未按应尽职责实施执法行为的投诉等诉求,25,
db44t2479-2024:1303:130303,13,政风行风党风,1303,行政执法,130303,选择性执法,对区别对待有违执法公正的、时间/空间/客体上有选择性实施执法行为的投诉等诉求,25,
db44t2479-2024:1303:130304,13,政风行风党风,1303,行政执法,130304,不文明、暴力执法,对执法人员在执法过程中使用不文明/不适当用语、使用暴力、致人受伤/死亡等情况的投诉、举报等诉求,25,
db44t2479-2024:1303:130399,13,政风行风党风,1303,行政执法,130399,其他行政执法,未列入上述内容的其他行政执法相关诉求,25,
db44t2479-2024:9901:990100,99,其他,9901,涉军涉警,990100,,涉军涉警事项相关诉求,25,
db44t2479-2024:9902:990200,99,其他,9902,涉法涉诉,990200,,涉法涉诉事项相关诉求,25,
db44t2479-2024:9903:990300,99,其他,9903,人大政协,990300,,人大政协工作相关诉求,25,
db44t2479-2024:9904:990400,99,其他,9904,党建工作,990400,,入党程序等党务相关诉求,25,
db44t2479-2024:9905:990500,99,其他,9905,党派团体,990500,,党派、社会团体、基金会、民办非企业单位等相关诉求,25,
db44t2479-2024:9906:990600,99,其他,9906,机关事务,990600,,机关自身行政管理方面事务等诉求,25,
db44t2479-2024:9907:990701,99,其他,9907,无效诉求,990701,不明诉求,无声电话、信息不完整等诉求,25,
db44t2479-2024:9907:990702,99,其他,9907,无效诉求,990702,涉及国家秘密、商业秘密、个人隐私事项,涉及国家秘密、商业秘密、个人隐私等方面的诉求,25,
db44t2479-2024:9907:990703,99,其他,9907,无效诉求,990703,违反法律法规、违背公序良俗,诉求本身违反法律法规、违背公序良俗，反映诉求的方式方法和过程中存在上述问题，如攻击党和国家领导人、辱骂工作人员等,26,
db44t2479-2024:9907:990799,99,其他,9907,无效诉求,990799,其他无效诉求,未列入上述内容的其他无效诉求,26,
db44t2479-2024:9908:990801,99,其他,9908,热线管理,990801,评价热线,对热线话务员、热线工作的诉求,26,
db44t2479-2024:9908:990802,99,其他,9908,热线管理,990802,进度查询,热线受理诉求事项办理进度查询等诉求,26,
db44t2479-2024:9908:990803,99,其他,9908,热线管理,990803,热线信息咨询,领导接电日、承办单位、服务流程规范等有关热线工作信息的诉求,26,
db44t2479-2024:9908:990804,99,其他,9908,热线管理,990804,热线外呼,热线主动外呼,26,
db44t2479-2024:9908:990805,99,其他,9908,热线管理,990805,转接,转接其他坐席、其他专线等,26,
db44t2479-2024:9908:990899,99,其他,9908,热线管理,990899,其他热线管理,未列入上述内容的其他热线管理相关诉求,26,
db44t2479-2024:9909:990900,99,其他,9909,110、119、120、122等紧急热线事项,990900,,应当通过110、119、120、122等紧急服务热线处理的事项（不包括紧急服务热线和12345联动事项）,26,
db44t2479-2024:9999:999900,99,其他,9999,其他,999900,,未列入上述内容的其他诉求,26,
